Målt (starttid),CO,NO2,NOX,O3,,,
16-10-2024 07:00,"0,15","10,3","13,9","52,0",,,
16-10-2024 06:00,"0,16","14,6","17,4","42,9",,,
16-10-2024 05:00,"0,15","12,8","12,5","46,4",,,
16-10-2024 04:00,"0,14","5,7","5,3","58,7",,,
16-10-2024 03:00,"0,15","5,2","4,4","59,8",,,
16-10-2024 02:00,"0,17","9,3","9,4","45,7",,,
16-10-2024 01:00,"0,18","23,0","23,7","23,1",,,
16-10-2024 00:00,"0,18","14,0","14,0","34,7",,,
15-10-2024 23:00,"0,20","23,8","25,4","23,5",,,
15-10-2024 22:00,"0,21","7,8","7,4","47,2",,,
15-10-2024 21:00,"0,18","7,1","6,6","50,7",,,
15-10-2024 20:00,"0,18","8,0","7,2","54,7",,,
15-10-2024 19:00,"0,19","9,6","9,2","50,5",,,
15-10-2024 18:00,"0,20","9,1","8,8","52,2",,,
15-10-2024 17:00,"0,18","6,0","6,1","58,8",,,
15-10-2024 16:00,"0,16","3,7","3,8","62,8",,,
15-10-2024 15:00,"0,15","4,0","4,5","61,2",,,
15-10-2024 14:00,"0,16","4,0","4,7","61,6",,,
15-10-2024 13:00,"0,17","3,6","4,3","61,2",,,
15-10-2024 12:00,"0,15","3,0","4,5","59,8",,,
15-10-2024 11:00,"0,17","4,1","5,6","57,0",,,
15-10-2024 10:00,"0,15","4,3","5,4","57,8",,,
15-10-2024 09:00,"0,20","9,7","15,4","41,4",,,
15-10-2024 08:00,"0,20","12,2","18,2","33,9",,,
15-10-2024 07:00,"0,21","15,2","18,6","32,6",,,
15-10-2024 06:00,"0,18","12,6","13,1","37,9",,,
15-10-2024 05:00,"0,16","8,4","7,7","45,5",,,
15-10-2024 04:00,"0,14","5,3","6,1","49,2",,,
15-10-2024 03:00,"0,14","3,7","3,9","50,8",,,
15-10-2024 02:00,"0,14","3,6","3,5","50,7",,,
15-10-2024 01:00,"0,14","3,3","3,6","51,8",,,
15-10-2024 00:00,"0,14","3,2","2,7","56,9",,,
14-10-2024 23:00,"0,14","3,1","3,1","58,8",,,
14-10-2024 22:00,"0,16","3,9","3,9","58,7",,,
14-10-2024 21:00,"0,18","5,0","5,6","55,5",,,
14-10-2024 20:00,"0,20","7,3","7,4","51,4",,,
14-10-2024 19:00,"0,20","9,5","9,4","50,2",,,
14-10-2024 18:00,"0,19","7,2","6,9","55,5",,,
14-10-2024 17:00,"0,16","6,6","6,5","58,1",,,
14-10-2024 16:00,"0,14","3,4","3,5","66,4",,,
14-10-2024 15:00,"0,13","4,9","5,8","65,3",,,
14-10-2024 14:00,"0,14","3,1","4,2","66,3",,,
14-10-2024 13:00,"0,14","3,0","4,3","66,4",,,
14-10-2024 12:00,"0,13","3,6","5,4","60,6",,,
14-10-2024 11:00,"0,14","3,1","4,4","59,5",,,
14-10-2024 10:00,"0,16","4,4","5,3","57,5",,,
14-10-2024 09:00,"0,18","6,4","9,5","45,8",,,
14-10-2024 08:00,"0,19","8,5","12,4","35,8",,,
14-10-2024 07:00,"0,20","12,3","14,7","33,5",,,
14-10-2024 06:00,"0,19","10,6","11,4","36,0",,,
14-10-2024 05:00,"0,17","5,5","5,6","41,9",,,
14-10-2024 04:00,"0,17","5,8","5,2","47,2",,,
14-10-2024 03:00,"0,16","3,2","1,7","54,3",,,
14-10-2024 02:00,"0,17","3,4","2,0","50,4",,,
14-10-2024 01:00,"0,17","3,5","2,3","51,5",,,
14-10-2024 00:00,"0,16","3,6","2,4","55,0",,,
13-10-2024 23:00,"0,16","3,6","2,6","59,8",,,
13-10-2024 22:00,"0,16","4,7","3,0","64,4",,,
13-10-2024 21:00,"0,17","5,1","3,9","63,0",,,
13-10-2024 20:00,"0,19","6,4","5,6","53,3",,,
13-10-2024 19:00,"0,21","6,3","5,0","50,8",,,
13-10-2024 18:00,"0,21","6,0","5,5","51,3",,,
13-10-2024 17:00,"0,20","5,6","4,4","53,7",,,
13-10-2024 16:00,"0,19","4,9","3,9","55,5",,,
13-10-2024 15:00,"0,19","4,3","3,4","54,3",,,
13-10-2024 14:00,"0,20","3,9","3,5","50,2",,,
13-10-2024 13:00,"0,20","4,9","4,3","46,6",,,
13-10-2024 12:00,"0,23","5,3","5,0","43,5",,,
13-10-2024 11:00,"0,28","7,2","6,5","42,2",,,
13-10-2024 10:00,"0,23","8,8","9,1","34,8",,,
13-10-2024 09:00,"0,21","6,7","5,8","41,1",,,
13-10-2024 08:00,"0,19","7,2","6,3","43,3",,,
13-10-2024 07:00,"0,18","7,6","6,0","45,4",,,
13-10-2024 06:00,"0,17","7,1","5,8","48,7",,,
13-10-2024 05:00,"0,18","4,5","5,3","54,9",,,
13-10-2024 04:00,"0,17","3,3","3,4","60,4",,,
13-10-2024 03:00,"0,18","2,7","2,7","64,0",,,
13-10-2024 02:00,"0,16","2,6","3,9","66,6",,,
13-10-2024 01:00,"0,16","2,5","2,9","70,4",,,
13-10-2024 00:00,"0,17","2,6","2,7","74,8",,,
12/10/2024 23:00,"0,16","3,0","3,5","77,9",,,
12/10/2024 22:00,"0,16","3,0","3,1","78,5",,,
12/10/2024 21:00,"0,15","2,6","3,2","79,1",,,
12/10/2024 20:00,"0,15","2,8","3,1","79,4",,,
12/10/2024 19:00,"0,16","3,4","3,9","77,2",,,
12/10/2024 18:00,"0,15","3,5","4,3","75,6",,,
12/10/2024 17:00,"0,16","4,2","5,0","75,5",,,
12/10/2024 16:00,"0,17","4,6","5,3","75,6",,,
12/10/2024 15:00,"0,17","5,1","6,2","74,3",,,
12/10/2024 14:00,"0,15","3,7","4,1","79,0",,,
12/10/2024 13:00,"0,16","3,0","3,8","76,4",,,
12/10/2024 12:00,"0,16","2,6","3,2","76,1",,,
12/10/2024 11:00,"0,14","2,9","4,6","72,7",,,
12/10/2024 10:00,"0,16","3,2","5,2","63,7",,,
12/10/2024 9:00,"0,15","3,5","5,6","56,5",,,
12/10/2024 8:00,"0,16","3,8","5,8","54,4",,,
12/10/2024 7:00,"0,16","4,6","5,6","53,8",,,
12/10/2024 6:00,"0,14","4,1","4,4","54,9",,,
12/10/2024 5:00,"0,14","3,3","3,9","57,9",,,
12/10/2024 4:00,"0,14","2,9","2,7","60,8",,,
12/10/2024 3:00,"0,14","3,7","3,5","58,5",,,
12/10/2024 2:00,"0,15","2,7","2,2","59,6",,,
12/10/2024 1:00,"0,15","2,6","2,2","61,9",,,
12/10/2024 0:00,"0,15","3,1","2,7","59,8",,,
11/10/2024 23:00,"0,15","3,1","3,4","59,9",,,
11/10/2024 22:00,"0,16","3,7","3,2","60,4",,,
11/10/2024 21:00,"0,16","3,9","3,2","60,7",,,
11/10/2024 20:00,"0,16","4,6","4,3","59,3",,,
11/10/2024 19:00,"0,17","4,6","4,5","62,9",,,
11/10/2024 18:00,"0,17","4,8","5,0","66,1",,,
11/10/2024 17:00,"0,17","4,0","3,5","70,2",,,
11/10/2024 16:00,"0,17","4,1","3,7","73,2",,,
11/10/2024 15:00,"0,16","2,6","3,1","76,5",,,
11/10/2024 14:00,"0,14","2,4","2,6","80,6",,,
11/10/2024 13:00,"0,14","2,6","2,7","80,8",,,
11/10/2024 12:00,"0,14","2,4","2,4","81,6",,,
11/10/2024 11:00,"0,14","2,4","3,5","81,9",,,
11/10/2024 10:00,"0,15","2,6","3,3","79,7",,,
11/10/2024 9:00,"0,16","3,7","6,2","71,4",,,
11/10/2024 8:00,"0,17","5,6","9,5","63,4",,,
11/10/2024 7:00,"0,19","8,2","9,6","58,6",,,
11/10/2024 6:00,"0,18","5,8","6,2","62,5",,,
11/10/2024 5:00,"0,14","3,0","2,9","67,5",,,
11/10/2024 4:00,"0,15","2,4","2,5","65,2",,,
11/10/2024 3:00,"0,15","2,2","2,6","68,0",,,
11/10/2024 2:00,"0,14","2,3","2,3","70,1",,,
11/10/2024 1:00,"0,15","2,3","2,2","72,3",,,
11/10/2024 0:00,"0,14","1,5","1,3","73,3",,,
10/10/2024 23:00,"0,14","3,1","3,6","70,1",,,
10/10/2024 22:00,"0,15","2,6","2,9","72,0",,,
10/10/2024 21:00,"0,16","2,4","2,6","75,1",,,
10/10/2024 20:00,"0,16","2,7","3,0","79,2",,,
10/10/2024 19:00,"0,15","3,1","3,5","80,9",,,
10/10/2024 18:00,"0,16","4,1","4,4","78,3",,,
10/10/2024 17:00,"0,17","4,7","5,2","73,0",,,
10/10/2024 16:00,"0,17","4,3","5,0","71,5",,,
10/10/2024 15:00,"0,17","3,4","4,0","69,6",,,
10/10/2024 14:00,"0,16","4,3","5,1","67,5",,,
10/10/2024 13:00,"0,16","4,5","5,3","72,2",,,
10/10/2024 12:00,"0,14","3,5","4,1","72,0",,,
10/10/2024 11:00,"0,11","3,0","3,6","69,4",,,
10/10/2024 10:00,"0,20","6,1","7,7","45,8",,,
10/10/2024 9:00,"0,31","11,0","13,5","33,2",,,
10/10/2024 8:00,"0,28","9,8","10,9","39,8",,,
10/10/2024 7:00,"0,29","15,5","17,3","35,2",,,
10/10/2024 6:00,"0,30","11,1","11,9","40,5",,,
10/10/2024 5:00,"0,28","7,9","8,9","44,5",,,
10/10/2024 4:00,"0,29","4,3","4,6","49,9",,,
10/10/2024 3:00,"0,28","3,5","3,7","54,2",,,
10/10/2024 2:00,"0,30","6,0","6,2","54,8",,,
10/10/2024 1:00,"0,28","4,4","4,8","61,8",,,
10/10/2024 0:00,"0,25","4,8","5,2","52,9",,,
9/10/2024 23:00,"0,28","3,2","4,0","49,0",,,
9/10/2024 22:00,"0,27","5,4","6,2","43,2",,,
9/10/2024 21:00,"0,27","8,3","8,3","39,2",,,
9/10/2024 20:00,"0,28","9,3","10,0","39,1",,,
9/10/2024 19:00,"0,25","7,1","8,0","41,2",,,
9/10/2024 18:00,"0,26","5,9","6,3","44,9",,,
9/10/2024 17:00,"0,19","6,8","7,0","48,3",,,
9/10/2024 16:00,"0,16","7,1","8,5","55,8",,,
9/10/2024 15:00,"0,15","7,3","8,8","60,2",,,
9/10/2024 14:00,"0,22","6,4","7,2","51,6",,,
9/10/2024 13:00,"0,22","6,8","9,1","39,3",,,
9/10/2024 12:00,"0,25","4,9","10,4","39,2",,,
9/10/2024 11:00,"0,25","6,2","10,2","40,7",,,
9/10/2024 10:00,"0,27","7,1","12,4","43,7",,,
9/10/2024 9:00,"0,31","10,7","18,6","29,6",,,
9/10/2024 8:00,"0,35","14,8","25,4","14,6",,,
9/10/2024 7:00,"0,35","17,4","28,2","6,3",,,
9/10/2024 6:00,"0,36","15,3","19,9","6,0",,,
9/10/2024 5:00,"0,33","12,2","13,0","9,8",,,
9/10/2024 4:00,"0,28","8,5","9,1","13,5",,,
9/10/2024 3:00,"0,27","7,4","8,1","17,0",,,
9/10/2024 2:00,"0,26","7,0","8,4","17,6",,,
9/10/2024 1:00,"0,27","8,3","8,6","15,6",,,
9/10/2024 0:00,"0,27","9,7","10,1","14,9",,,
8/10/2024 23:00,"0,27","10,9","11,6","14,4",,,
8/10/2024 22:00,"0,23","12,3","13,0","14,5",,,
8/10/2024 21:00,"0,21","11,6","12,9","16,2",,,
8/10/2024 20:00,"0,23","11,4","12,2","16,8",,,
8/10/2024 19:00,"0,24","13,0","14,2","16,5",,,
8/10/2024 18:00,"0,25","13,3","14,7","17,9",,,
8/10/2024 17:00,"0,26","14,3","15,6","18,3",,,
8/10/2024 16:00,"0,27","13,9","16,3","20,1",,,
8/10/2024 15:00,"0,28","10,6","13,2","26,5",,,
8/10/2024 14:00,"0,25","8,3","10,3","29,4",,,
8/10/2024 13:00,"0,26","8,3","10,8","29,5",,,
8/10/2024 12:00,"0,26","10,3","13,8","26,9",,,
8/10/2024 11:00,"0,24","12,7","17,6","22,0",,,
8/10/2024 10:00,"0,23","14,0","18,8","22,5",,,
8/10/2024 9:00,"0,23","10,4","13,9","27,9",,,
8/10/2024 8:00,"0,23","13,7","19,9","18,6",,,
8/10/2024 7:00,"0,23","10,7","15,8","19,9",,,
8/10/2024 6:00,"0,23","13,7","18,2","12,1",,,
8/10/2024 5:00,"0,23","13,5","17,4","10,5",,,
8/10/2024 4:00,"0,23","10,7","13,2","13,4",,,
8/10/2024 3:00,"0,26","9,5","11,2","15,5",,,
8/10/2024 2:00,"0,25","8,6","9,5","15,6",,,
8/10/2024 1:00,"0,24","10,1","11,9","16,2",,,
8/10/2024 0:00,"0,24","9,5","11,0","18,0",,,
7/10/2024 23:00,"0,24","8,6","9,7","21,2",,,
7/10/2024 22:00,"0,26","7,0","7,9","24,2",,,
7/10/2024 21:00,"0,25","6,7","7,7","26,4",,,
7/10/2024 20:00,"0,27","8,0","9,3","24,9",,,
7/10/2024 19:00,"0,27","8,8","10,0","28,8",,,
7/10/2024 18:00,"0,28","9,2","10,1","40,3",,,
7/10/2024 17:00,"0,28","8,6","10,5","48,5",,,
7/10/2024 16:00,"0,25","7,1","8,5","57,4",,,
7/10/2024 15:00,"0,24","5,3","6,8","61,4",,,
7/10/2024 14:00,"0,23","5,3","6,8","63,7",,,
7/10/2024 13:00,"0,22","3,8","5,3","66,2",,,
7/10/2024 12:00,"0,21","3,7","5,5","65,7",,,
7/10/2024 11:00,"0,21","3,9","5,9","64,0",,,
7/10/2024 10:00,"0,20","4,5","6,8","62,6",,,
7/10/2024 9:00,"0,21","5,9","7,4","53,9",,,
7/10/2024 8:00,"0,21","6,8","8,9","53,1",,,
7/10/2024 7:00,"0,21","8,3","10,8","50,4",,,
7/10/2024 6:00,"0,23","8,3","9,6","57,2",,,
7/10/2024 5:00,"0,20","4,3","6,3","58,6",,,
7/10/2024 4:00,"0,20","2,5","3,6","60,9",,,
7/10/2024 3:00,"0,17","1,8","3,3","62,0",,,
7/10/2024 2:00,"0,17","1,9","3,7","61,8",,,
7/10/2024 1:00,"0,17","1,5","3,6","66,2",,,
7/10/2024 0:00,"0,17","2,6","4,2","65,6",,,
6/10/2024 23:00,"0,17","3,9","5,8","60,6",,,
6/10/2024 22:00,"0,17","4,2","6,1","61,3",,,
6/10/2024 21:00,"0,18","4,7","6,6","61,6",,,
6/10/2024 20:00,"0,19","4,3","5,6","65,1",,,
6/10/2024 19:00,"0,19","5,0","6,7","63,4",,,
6/10/2024 18:00,"0,20","6,1","8,0","64,6",,,
6/10/2024 17:00,"0,18","4,2","6,3","68,9",,,
6/10/2024 16:00,"0,18","3,9","5,6","70,4",,,
6/10/2024 15:00,"0,17","2,9","5,5","73,3",,,
6/10/2024 14:00,"0,18","3,2","5,4","74,6",,,
6/10/2024 13:00,"0,16","5,0","8,0","72,2",,,
6/10/2024 12:00,"0,16","6,5","10,6","63,1",,,
6/10/2024 11:00,"0,15","8,5","12,6","60,0",,,
6/10/2024 10:00,"0,16","6,5","9,8","61,3",,,
6/10/2024 9:00,"0,18","6,8","11,3","59,0",,,
6/10/2024 8:00,"0,23","13,3","22,4","41,3",,,
6/10/2024 7:00,"0,22","20,4","28,5","39,7",,,
6/10/2024 6:00,"0,22","16,7","21,1","38,4",,,
6/10/2024 5:00,"0,23","11,6","15,4","38,4",,,
6/10/2024 4:00,"0,21","11,2","11,1","48,6",,,
6/10/2024 3:00,"0,21","11,5","11,0","52,4",,,
6/10/2024 2:00,"0,24","13,1","14,9","44,6",,,
6/10/2024 1:00,"0,32","23,8","28,5","28,4",,,
6/10/2024 0:00,"0,32","31,9","34,4","19,5",,,
5/10/2024 23:00,"0,28","20,0","20,7","41,8",,,
5/10/2024 22:00,"0,31","23,6","24,4","37,9",,,
5/10/2024 21:00,"0,29","29,6","28,9","35,7",,,
5/10/2024 20:00,"0,27","21,2","21,5","48,4",,,
5/10/2024 19:00,"0,27","15,2","14,6","55,4",,,
5/10/2024 18:00,"0,24","14,4","14,1","61,2",,,
5/10/2024 17:00,"0,19","11,5","11,1","68,5",,,
5/10/2024 16:00,"0,16","11,6","11,8","65,3",,,
5/10/2024 15:00,"0,16","5,5","5,6","75,8",,,
5/10/2024 14:00,"0,16","16,3","21,9","61,0",,,
5/10/2024 13:00,"0,16","14,6","18,4","61,5",,,
5/10/2024 12:00,"0,27","11,5","13,3","57,7",,,
5/10/2024 11:00,"0,23","10,2","14,4","55,1",,,
5/10/2024 10:00,"0,24","12,0","20,8","46,7",,,
5/10/2024 9:00,"0,24","11,9","19,6","44,9",,,
5/10/2024 8:00,"0,22","10,1","14,5","44,8",,,
5/10/2024 7:00,"0,23","10,2","13,3","40,7",,,
5/10/2024 6:00,"0,20","5,1","5,0","56,4",,,
5/10/2024 5:00,"0,19","6,2","6,5","50,9",,,
5/10/2024 4:00,"0,20","4,3","4,9","58,3",,,
5/10/2024 3:00,"0,24","10,5","10,3","47,2",,,
5/10/2024 2:00,"0,27","14,3","15,1","39,0",,,
5/10/2024 1:00,"0,23","11,6","12,3","47,6",,,
5/10/2024 0:00,"0,26","13,6","14,0","40,7",,,
4/10/2024 23:00,"0,27","16,2","16,9","38,0",,,
4/10/2024 22:00,"0,28","18,7","19,6","37,9",,,
4/10/2024 21:00,"0,24","13,1","13,4","45,8",,,
4/10/2024 20:00,"0,24","17,2","17,8","42,2",,,
4/10/2024 19:00,"0,23","12,4","11,8","49,6",,,
4/10/2024 18:00,"0,20","9,7","9,2","56,6",,,
4/10/2024 17:00,"0,16","8,9","8,7","60,4",,,
4/10/2024 16:00,"0,14","4,3","3,8","69,0",,,
4/10/2024 15:00,"0,14","3,0","3,1","72,5",,,
4/10/2024 14:00,"0,15","4,7","5,8","69,5",,,
4/10/2024 13:00,"0,15","3,8","4,9","69,6",,,
4/10/2024 12:00,"0,16","4,1","5,2","67,5",,,
4/10/2024 11:00,"0,15","3,7","4,7","67,0",,,
4/10/2024 10:00,"0,14","5,7","7,1","64,4",,,
4/10/2024 9:00,"0,15","17,7","32,9","40,1",,,
4/10/2024 8:00,"0,24","16,3","30,1","33,5",,,
4/10/2024 7:00,"0,30","25,7","54,2","13,3",,,
4/10/2024 6:00,"0,27","25,5","38,6","16,7",,,
4/10/2024 5:00,"0,16","10,7","12,1","35,8",,,
4/10/2024 4:00,"0,14","5,6","6,1","49,7",,,
4/10/2024 3:00,"0,13","3,6","4,0","60,3",,,
4/10/2024 2:00,"0,13","2,1","3,2","65,9",,,
4/10/2024 1:00,"0,12","2,4","3,6","62,1",,,
4/10/2024 0:00,"0,13","2,4","3,4","60,5",,,
3/10/2024 23:00,"0,13","3,7","4,6","62,0",,,
3/10/2024 22:00,"0,18","11,3","12,9","48,3",,,
3/10/2024 21:00,"0,21","15,0","16,0","36,1",,,
3/10/2024 20:00,"0,21","14,4","15,3","41,0",,,
3/10/2024 19:00,"0,19","12,4","13,0","49,1",,,
3/10/2024 18:00,"0,15","9,5","10,1","59,2",,,
3/10/2024 17:00,"0,14","3,6","4,3","70,9",,,
3/10/2024 16:00,"0,14","3,3","3,4","72,1",,,
3/10/2024 15:00,"0,14","3,2","4,7","71,3",,,
3/10/2024 14:00,"0,14","2,6","4,4","72,2",,,
3/10/2024 13:00,"0,14","2,6","3,6","70,5",,,
3/10/2024 12:00,"0,13","2,2","4,1","67,6",,,
3/10/2024 11:00,"0,14","2,6","4,0","67,1",,,
3/10/2024 10:00,"0,13","2,1","3,7","65,7",,,
3/10/2024 9:00,"0,13","2,9","5,4","58,9",,,
3/10/2024 8:00,"0,13","3,2","6,0","56,2",,,
3/10/2024 7:00,"0,12","4,3","5,7","54,6",,,
3/10/2024 6:00,"0,13","5,2","6,5","53,4",,,
3/10/2024 5:00,"0,12","4,0","5,2","56,5",,,
3/10/2024 4:00,"0,14","2,1","0,69","60,7",,,
3/10/2024 3:00,"0,13","1,6","0,29","61,5",,,
3/10/2024 2:00,"0,13","1,4",,"61,5",,,
3/10/2024 1:00,"0,13","1,6","0,19","63,4",,,
3/10/2024 0:00,"0,13","0,95",,"66,4",,,
2/10/2024 23:00,"0,13","1,3","0,60","67,0",,,
2/10/2024 22:00,"0,14","2,1","0,84","67,1",,,
2/10/2024 21:00,"0,14","2,7","1,3","66,8",,,
2/10/2024 20:00,"0,14","2,1","0,97","68,7",,,
2/10/2024 19:00,"0,14","2,4","0,96","68,5",,,
2/10/2024 18:00,"0,15","2,5","1,2","66,8",,,
2/10/2024 17:00,"0,14","3,1","2,1","71,4",,,
2/10/2024 16:00,"0,14","3,6","2,6","70,9",,,
2/10/2024 15:00,"0,16","3,1","2,7","69,5",,,
2/10/2024 14:00,"0,16","2,9","2,6","71,9",,,
2/10/2024 13:00,"0,15","2,6","2,7","68,9",,,
2/10/2024 12:00,"0,14","2,3","2,1","67,8",,,
2/10/2024 11:00,"0,14","2,7","2,6","62,9",,,
2/10/2024 10:00,"0,14","2,4","3,4","54,9",,,
2/10/2024 9:00,"0,14","4,6","7,1","51,1",,,
2/10/2024 8:00,"0,14","4,8","6,3","50,3",,,
2/10/2024 7:00,"0,14","5,6","5,6","55,0",,,
2/10/2024 6:00,"0,14","4,0","3,3","58,6",,,
2/10/2024 5:00,"0,14","3,1","2,2","57,4",,,
2/10/2024 4:00,"0,14","1,6","1,3","59,6",,,
2/10/2024 3:00,"0,14","1,2","1,6","63,2",,,
2/10/2024 2:00,"0,15","1,3","1,5","63,0",,,
2/10/2024 1:00,"0,15","1,8","2,3","64,2",,,
2/10/2024 0:00,"0,16","2,0","2,0","66,2",,,
1/10/2024 23:00,"0,16","1,3","1,5","68,0",,,
1/10/2024 22:00,"0,16","1,6","1,9","70,3",,,
1/10/2024 21:00,"0,16","1,6","1,8","71,9",,,
1/10/2024 20:00,"0,15","19,5","22,8","51,1",,,
1/10/2024 19:00,"0,15","15,3","16,7","58,6",,,
1/10/2024 18:00,"0,15","2,9","2,8","74,8",,,
1/10/2024 17:00,"0,16","1,5","2,0","74,9",,,
1/10/2024 16:00,"0,16","2,3","2,3","73,6",,,
1/10/2024 15:00,"0,16","5,3","7,5","68,9",,,
1/10/2024 14:00,"0,16","2,3","3,2","73,1",,,
1/10/2024 13:00,"0,16","3,8","5,0","70,7",,,
1/10/2024 12:00,"0,16","3,4","4,9","70,3",,,
1/10/2024 11:00,"0,15","3,5","4,6","69,0",,,
1/10/2024 10:00,"0,15","4,1","5,7","69,9",,,
1/10/2024 9:00,"0,15","3,8","5,9","73,2",,,
1/10/2024 8:00,"0,16","3,8","5,8","68,4",,,
1/10/2024 7:00,"0,18","4,5","5,4","64,0",,,
1/10/2024 6:00,"0,22","5,1","5,9","63,0",,,
1/10/2024 5:00,"0,20","2,6","3,8","63,8",,,
1/10/2024 4:00,"0,18","2,7","4,1","63,9",,,
1/10/2024 3:00,"0,17","2,5","3,8","65,6",,,
1/10/2024 2:00,"0,16","3,5","4,6","69,4",,,
1/10/2024 1:00,"0,16","4,0","4,8","71,6",,,
1/10/2024 0:00,"0,15","4,0","5,1","70,3",,,
30-09-2024 23:00,"0,16","4,5","5,2","71,3",,,
30-09-2024 22:00,"0,16","5,0","5,9","68,5",,,
30-09-2024 21:00,"0,15","6,3","7,3","67,3",,,
30-09-2024 20:00,"0,15","4,7","6,2","69,3",,,
30-09-2024 19:00,"0,14","3,9","5,1","73,8",,,
30-09-2024 18:00,"0,15","4,5","6,0","76,8",,,
30-09-2024 17:00,"0,15","1,7","2,7","82,4",,,
30-09-2024 16:00,"0,14","1,8","3,4","81,4",,,
30-09-2024 15:00,"0,15","2,1","3,4","82,3",,,
30-09-2024 14:00,"0,17","3,0","5,1","77,8",,,
30-09-2024 13:00,"0,15","3,1","4,6","76,6",,,
30-09-2024 12:00,"0,14","2,5","5,0","77,1",,,
30-09-2024 11:00,"0,15","3,6","5,4","73,4",,,
30-09-2024 10:00,"0,16","8,4","12,5","62,2",,,
30-09-2024 09:00,"0,16","8,1","12,7","64,3",,,
30-09-2024 08:00,"0,16","11,0","16,4","58,2",,,
30-09-2024 07:00,"0,17","12,6","16,0","56,7",,,
30-09-2024 06:00,"0,17","9,6","11,8","60,3",,,
30-09-2024 05:00,"0,15","7,2","8,6","64,2",,,
30-09-2024 04:00,"0,14","5,8","5,2","66,7",,,
30-09-2024 03:00,"0,16","6,5","6,2","62,0",,,
30-09-2024 02:00,"0,15","6,0","5,8","62,2",,,
30-09-2024 01:00,"0,17","6,8","6,9","62,4",,,
30-09-2024 00:00,"0,19","9,5","9,8","60,7",,,
29-09-2024 23:00,"0,17","10,4","10,0","61,5",,,
29-09-2024 22:00,"0,20","17,3","17,3","52,2",,,
29-09-2024 21:00,"0,22","16,8","17,0","49,5",,,
29-09-2024 20:00,"0,24","17,1","17,2","48,2",,,
29-09-2024 19:00,"0,20","9,1","8,3","64,0",,,
29-09-2024 18:00,"0,20","7,7","7,3","65,3",,,
29-09-2024 17:00,"0,17","4,0","3,9","73,9",,,
29-09-2024 16:00,"0,14","2,8","2,5","77,4",,,
29-09-2024 15:00,"0,14","1,7","1,8","80,1",,,
29-09-2024 14:00,"0,14","1,7","1,3","78,9",,,
29-09-2024 13:00,"0,15","1,5","2,0","78,6",,,
29-09-2024 12:00,"0,14","1,3","1,4","77,2",,,
29-09-2024 11:00,"0,14","1,6","1,9","75,8",,,
29-09-2024 10:00,"0,14","1,4","1,5","74,9",,,
29-09-2024 09:00,"0,14","1,8","1,8","70,4",,,
29-09-2024 08:00,"0,15","2,6","3,6","62,0",,,
29-09-2024 07:00,"0,14","3,8","3,7","57,0",,,
29-09-2024 06:00,"0,14","3,1","2,7","59,4",,,
29-09-2024 05:00,"0,14","2,0","1,7","61,8",,,
29-09-2024 04:00,"0,14","2,0","2,0","60,8",,,
29-09-2024 03:00,"0,15","1,8","2,2","63,1",,,
29-09-2024 02:00,"0,15","2,2","2,0","63,6",,,
29-09-2024 01:00,"0,15","2,4","2,4","63,7",,,
29-09-2024 00:00,"0,16","2,8","2,6","61,8",,,
28-09-2024 23:00,"0,16","3,3","3,8","64,4",,,
28-09-2024 22:00,"0,16","2,8","3,0","66,2",,,
28-09-2024 21:00,"0,17","2,9","3,6","63,0",,,
28-09-2024 20:00,"0,19","4,0","4,6","57,0",,,
28-09-2024 19:00,"0,18","4,3","5,0","56,9",,,
28-09-2024 18:00,"0,18","3,5","3,5","62,7",,,
28-09-2024 17:00,"0,17","3,7","4,4","63,9",,,
28-09-2024 16:00,"0,16","3,6","4,3","67,2",,,
28-09-2024 15:00,"0,16","2,7","3,1","72,8",,,
28-09-2024 14:00,"0,15","2,0","2,9","77,0",,,
28-09-2024 13:00,"0,14","1,3","1,9","82,3",,,
28-09-2024 12:00,"0,14","1,3","2,1","82,1",,,
28-09-2024 11:00,"0,15","1,9","2,5","82,8",,,
28-09-2024 10:00,"0,15","1,7","2,6","80,7",,,
28-09-2024 09:00,"0,15","1,1","1,9","77,9",,,
28-09-2024 08:00,"0,16","1,6","2,0","70,8",,,
28-09-2024 07:00,"0,16","3,3","4,4","61,7",,,
28-09-2024 06:00,"0,15","3,7","4,1","53,5",,,
28-09-2024 05:00,"0,09","2,2","1,8","53,5",,,
28-09-2024 04:00,"0,09","1,8","1,4","59,5",,,
28-09-2024 03:00,"0,08","1,1","0,87","66,1",,,
28-09-2024 02:00,"0,08","0,21","0,16","74,1",,,
28-09-2024 01:00,"0,16","0,42","0,19","73,5",,,
28-09-2024 00:00,"0,16","1,6","1,5","66,1",,,
27-09-2024 23:00,"0,18","1,3","1,4","67,4",,,
27-09-2024 22:00,"0,18","4,6","4,4","59,9",,,
27-09-2024 21:00,"0,09","5,1","5,0","66,5",,,
27-09-2024 20:00,"0,09","3,5","3,5","69,6",,,
27-09-2024 19:00,"0,19","5,3","4,7","62,2",,,
27-09-2024 18:00,"0,20","6,6","6,1","61,5",,,
27-09-2024 17:00,"0,21","5,0","5,1","65,7",,,
27-09-2024 16:00,"0,20","4,1","4,1","67,6",,,
27-09-2024 15:00,"0,19","4,1","3,5","70,7",,,
27-09-2024 14:00,"0,18","3,0","3,1","75,3",,,
27-09-2024 13:00,"0,03","1,9","2,2","78,0",,,
27-09-2024 12:00,"0,05","2,0","2,7","78,0",,,
27-09-2024 11:00,"0,16","2,4","3,3","75,3",,,
27-09-2024 10:00,"0,17","3,6","3,9","69,2",,,
27-09-2024 09:00,"0,17","3,5","4,5","63,9",,,
27-09-2024 08:00,"0,17","4,0","4,4","61,4",,,
27-09-2024 07:00,"0,18","5,4","5,9","64,2",,,
27-09-2024 06:00,"0,15","5,9","5,5","65,4",,,
27-09-2024 05:00,"0,16","4,0","3,9","63,2",,,
27-09-2024 04:00,"0,17","2,9","2,7","65,2",,,
27-09-2024 03:00,"0,17","3,7","3,6","52,2",,,
27-09-2024 02:00,"0,16","3,5","3,4","53,4",,,
27-09-2024 01:00,"0,17","3,3","3,8","58,3",,,
27-09-2024 00:00,"0,16","3,6","3,5","62,5",,,
26-09-2024 23:00,"0,15","2,5","1,9","71,3",,,
26-09-2024 22:00,"0,15","2,0","2,1","79,9",,,
26-09-2024 21:00,"0,15","2,1","1,9","84,8",,,
26-09-2024 20:00,"0,15","2,5","1,8","82,8",,,
26-09-2024 19:00,"0,16","2,3","2,3","77,3",,,
26-09-2024 18:00,"0,16","2,6","2,4","74,4",,,
26-09-2024 17:00,"0,18","5,1","5,5","61,0",,,
26-09-2024 16:00,"0,19","5,6","6,1","57,9",,,
26-09-2024 15:00,"0,18","6,1","6,4","59,2",,,
26-09-2024 14:00,"0,18","6,7","7,1","60,1",,,
26-09-2024 13:00,"0,19","9,6","10,6","55,9",,,
26-09-2024 12:00,"0,17","7,2","8,3","66,2",,,
26-09-2024 11:00,"0,18","7,8","9,1","60,7",,,
26-09-2024 10:00,"0,18","8,4","8,7","56,6",,,
26-09-2024 09:00,"0,19","8,9","9,4","58,2",,,
26-09-2024 08:00,"0,22","10,3","10,6","56,0",,,
26-09-2024 07:00,"0,20","12,0","12,9","54,6",,,
26-09-2024 06:00,"0,18","12,3","12,9","58,1",,,
26-09-2024 05:00,"0,17","12,7","13,4","51,6",,,
26-09-2024 04:00,"0,16","7,4","7,6","51,9",,,
26-09-2024 03:00,"0,17","11,8","12,2","45,6",,,
26-09-2024 02:00,"0,17","6,8","6,8","52,8",,,
26-09-2024 01:00,"0,16","4,5","4,1","56,1",,,
26-09-2024 00:00,"0,16","4,6","4,9","58,2",,,
25-09-2024 23:00,"0,17","4,8","5,0","61,7",,,
25-09-2024 22:00,"0,17","4,7","5,0","68,9",,,
25-09-2024 21:00,"0,17","4,9","4,3","71,6",,,
25-09-2024 20:00,"0,18","5,1","4,7","73,0",,,
25-09-2024 19:00,"0,18","5,7","5,5","77,9",,,
25-09-2024 18:00,"0,19","6,7","7,0","75,9",,,
25-09-2024 17:00,"0,19","8,4","8,4","69,3",,,
25-09-2024 16:00,"0,16","5,5","5,2","77,3",,,
25-09-2024 15:00,"0,15","4,9","5,5","80,5",,,
25-09-2024 14:00,"0,16","4,3","5,0","81,3",,,
25-09-2024 13:00,"0,15","3,7","4,0","83,2",,,
25-09-2024 12:00,"0,16","3,4","4,1","87,7",,,
25-09-2024 11:00,"0,16","4,6","5,4","84,1",,,
25-09-2024 10:00,"0,16","4,5","5,6","87,8",,,
25-09-2024 09:00,"0,16","4,8","5,0","91,3",,,
25-09-2024 08:00,"0,16","5,4","6,0","94,0",,,
25-09-2024 07:00,"0,16","6,6","7,3","91,5",,,
25-09-2024 06:00,"0,16","6,8","7,1","89,7",,,
25-09-2024 05:00,"0,17","3,2","2,5","89,2",,,
25-09-2024 04:00,"0,20","2,3","2,0","80,4",,,
25-09-2024 03:00,"0,22","3,5","3,0","67,5",,,
25-09-2024 02:00,"0,22","3,4","3,0","57,8",,,
25-09-2024 01:00,"0,22","3,6","3,1","54,6",,,
25-09-2024 00:00,"0,22","3,5","2,5","62,8",,,
24-09-2024 23:00,"0,21","2,8","2,3","77,2",,,
24-09-2024 22:00,"0,23","4,8","5,1","61,5",,,
24-09-2024 21:00,"0,25","7,5","6,8","60,6",,,
24-09-2024 20:00,"0,25","8,3","7,7","73,7",,,
24-09-2024 19:00,"0,25","9,6","9,1","71,8",,,
24-09-2024 18:00,"0,24","8,5","8,1","76,3",,,
24-09-2024 17:00,"0,22","6,4","6,4","86,6",,,
24-09-2024 16:00,"0,26","7,9","8,0","78,9",,,
24-09-2024 15:00,"0,27","12,8","12,4","75,4",,,
24-09-2024 14:00,"0,23","13,1","13,5","79,6",,,
24-09-2024 13:00,"0,22","8,3","8,8","88,7",,,
24-09-2024 12:00,"0,22","10,3","12,3","85,2",,,
24-09-2024 11:00,"0,23","11,2","12,8","79,5",,,
24-09-2024 10:00,"0,26","14,7","15,9","70,2",,,
24-09-2024 09:00,"0,30","28,5","31,6","42,2",,,
24-09-2024 08:00,"0,35","39,7","44,2","27,4",,,
24-09-2024 07:00,"0,33","38,2","40,6","35,0",,,
24-09-2024 06:00,"0,34","32,4","33,0","42,2",,,
24-09-2024 05:00,"0,28","12,5","12,1","68,6",,,
24-09-2024 04:00,"0,26","10,3","10,2","81,0",,,
24-09-2024 03:00,"0,24","6,9","7,0","87,0",,,
24-09-2024 02:00,"0,25","7,3","6,5","87,4",,,
24-09-2024 01:00,"0,23","6,5","5,8","88,7",,,
24-09-2024 00:00,"0,25","9,8","9,6","84,2",,,
23-09-2024 23:00,"0,27","12,7","12,7","79,9",,,
23-09-2024 22:00,"0,28","10,7","10,0","80,9",,,
23-09-2024 21:00,"0,28","12,8","12,2","80,4",,,
23-09-2024 20:00,"0,34","17,5","17,2","83,6",,,
23-09-2024 19:00,"0,29","18,8","18,1","92,5",,,
23-09-2024 18:00,"0,26","14,7","14,9","102,3",,,
23-09-2024 17:00,"0,26","12,2","12,3","106,3",,,
23-09-2024 16:00,"0,22","10,1","10,4","110,3",,,
23-09-2024 15:00,"0,21","7,3","7,4","116,2",,,
23-09-2024 14:00,"0,21","6,3","7,3","116,0",,,
23-09-2024 13:00,"0,23","8,2","9,8","108,9",,,
23-09-2024 12:00,"0,23","10,2","12,1","105,5",,,
23-09-2024 11:00,"0,23","11,6","15,2","86,7",,,
23-09-2024 10:00,"0,24","13,5","19,6","60,1",,,
23-09-2024 09:00,"0,23","13,3","19,4","55,5",,,
23-09-2024 08:00,"0,21","9,6","11,8","60,7",,,
23-09-2024 07:00,"0,21","13,5","14,2","60,2",,,
23-09-2024 06:00,"0,21","10,6","10,2","62,7",,,
23-09-2024 05:00,"0,21","5,8","5,1","70,2",,,
23-09-2024 04:00,"0,20","4,9","4,3","78,8",,,
23-09-2024 03:00,"0,20","2,9","2,7","84,6",,,
23-09-2024 02:00,"0,20","3,3","2,6","83,0",,,
23-09-2024 01:00,"0,20","2,9","2,1","80,1",,,
23-09-2024 00:00,"0,20","3,8","3,1","81,9",,,
22-09-2024 23:00,"0,20","3,8","3,8","86,5",,,
22-09-2024 22:00,"0,20","3,8","3,5","92,3",,,
22-09-2024 21:00,"0,20","3,7","3,5","99,1",,,
22-09-2024 20:00,"0,20","3,3","3,7","97,7",,,
22-09-2024 19:00,"0,21","3,4","3,7","95,5",,,
22-09-2024 18:00,"0,23","5,4","5,1","99,3",,,
22-09-2024 17:00,"0,24","9,2","9,8","113,0",,,
22-09-2024 16:00,"0,26","4,6","4,7","123,9",,,
22-09-2024 15:00,"0,19","4,1","4,6","125,7",,,
22-09-2024 14:00,"0,22","4,2","4,8","120,0",,,
22-09-2024 13:00,"0,22","4,1","4,8","110,9",,,
22-09-2024 12:00,"0,22","4,3","5,5","102,9",,,
22-09-2024 11:00,"0,21","4,5","5,8","95,4",,,
22-09-2024 10:00,"0,21","7,6","9,4","85,7",,,
22-09-2024 09:00,"0,20","6,4","7,7","82,6",,,
22-09-2024 08:00,"0,19","5,9","7,1","75,5",,,
22-09-2024 07:00,"0,19","4,4","4,3","67,5",,,
22-09-2024 06:00,"0,19","3,6","3,6","64,9",,,
22-09-2024 05:00,"0,19","11,8","12,5","56,1",,,
22-09-2024 04:00,"0,20","4,7","4,2","65,0",,,
22-09-2024 03:00,"0,19","3,9","4,4","68,3",,,
22-09-2024 02:00,"0,19","4,1","4,7","74,3",,,
22-09-2024 01:00,"0,19","6,3","6,6","75,7",,,
22-09-2024 00:00,"0,19","7,0","6,5","80,5",,,
21-09-2024 23:00,"0,18","12,5","12,4","76,2",,,
21-09-2024 22:00,"0,20","9,3","9,0","83,0",,,
21-09-2024 21:00,"0,23","18,5","18,6","69,4",,,
21-09-2024 20:00,"0,29","50,2","51,7","35,2",,,
21-09-2024 19:00,"0,31","66,6","68,5","15,9",,,
21-09-2024 18:00,"0,30","36,9","37,1","51,7",,,
21-09-2024 17:00,"0,25","14,8","15,1","92,1",,,
21-09-2024 16:00,"0,20","6,1","6,5","111,2",,,
21-09-2024 15:00,"0,21","9,2","10,2","98,9",,,
21-09-2024 14:00,"0,19","4,1","4,5","100,7",,,
21-09-2024 13:00,"0,20","7,3","8,9","98,0",,,
21-09-2024 12:00,"0,26","14,5","21,7","64,3",,,
21-09-2024 11:00,"0,23","25,4","49,9","42,2",,,
21-09-2024 10:00,"0,22","10,7","17,5","60,6",,,
21-09-2024 09:00,"0,23","11,2","17,3","53,1",,,
21-09-2024 08:00,"0,24","6,8","9,0","57,7",,,
21-09-2024 07:00,"0,20","11,1","14,1","46,3",,,
21-09-2024 06:00,"0,17","9,4","10,7","46,2",,,
21-09-2024 05:00,"0,16","4,6","5,0","50,5",,,
21-09-2024 04:00,"0,19","5,0","4,9","58,9",,,
21-09-2024 03:00,"0,21","3,9","3,9","67,9",,,
21-09-2024 02:00,"0,20","3,9","3,9","66,8",,,
21-09-2024 01:00,"0,18","7,6","7,1","67,4",,,
21-09-2024 00:00,"0,19","12,5","13,0","62,3",,,
20-09-2024 23:00,"0,20","9,5","9,0","61,0",,,
20-09-2024 22:00,"0,19","6,4","5,7","66,9",,,
20-09-2024 21:00,"0,21","5,7","5,0","80,7",,,
20-09-2024 20:00,"0,20","5,5","4,9","78,1",,,
20-09-2024 19:00,"0,20","9,7","9,1","74,4",,,
20-09-2024 18:00,"0,24","15,0","14,8","71,5",,,
20-09-2024 17:00,"0,22","9,7","9,1","83,1",,,
20-09-2024 16:00,"0,20","6,0","6,3","90,3",,,
20-09-2024 15:00,"0,19","4,8","5,2","91,1",,,
20-09-2024 14:00,"0,18","3,9","4,0","91,4",,,
20-09-2024 13:00,"0,19","4,3","4,4","84,4",,,
20-09-2024 12:00,"0,18","5,0","5,3","77,9",,,
20-09-2024 11:00,"0,17","3,3","3,7","75,9",,,
20-09-2024 10:00,"0,16","3,6","4,6","70,9",,,
20-09-2024 09:00,"0,16","6,0","7,0","64,4",,,
20-09-2024 08:00,"0,15","4,4","4,7","65,1",,,
20-09-2024 07:00,"0,16","3,4","3,6","65,0",,,
20-09-2024 06:00,"0,16","9,6","9,4","56,2",,,
20-09-2024 05:00,"0,16","10,6","9,7","56,5",,,
20-09-2024 04:00,"0,15","6,3","5,5","64,0",,,
20-09-2024 03:00,"0,13","2,6","3,2","68,6",,,
20-09-2024 02:00,"0,13","2,0","2,9","69,5",,,
20-09-2024 01:00,"0,13","0,71","2,0","70,0",,,
20-09-2024 00:00,"0,13","1,0","1,8","67,6",,,
19-09-2024 23:00,"0,14","1,1","2,3","68,5",,,
19-09-2024 22:00,"0,14","1,2","1,8","70,7",,,
19-09-2024 21:00,"0,14","1,6","2,7","71,7",,,
19-09-2024 20:00,"0,14","1,9","2,9","72,3",,,
19-09-2024 19:00,"0,14","2,5","3,0","68,7",,,
19-09-2024 18:00,"0,15","5,2","5,2","65,9",,,
19-09-2024 17:00,"0,15","7,9","10,0","65,4",,,
19-09-2024 16:00,"0,15","3,9","5,5","71,1",,,
19-09-2024 15:00,"0,14","13,2","20,2","58,3",,,
19-09-2024 14:00,"0,18","15,3","26,4","56,1",,,
19-09-2024 13:00,"0,14","9,9","18,3","57,2",,,
19-09-2024 12:00,"0,14","7,5","14,8","54,3",,,
19-09-2024 11:00,"0,14","4,6","9,6","49,1",,,
19-09-2024 10:00,"0,14","6,1","12,9","43,8",,,
19-09-2024 09:00,"0,13","6,3","12,8","44,5",,,
19-09-2024 08:00,"0,21","6,8","12,1","46,3",,,
19-09-2024 07:00,"0,39","6,6","9,4","48,6",,,
19-09-2024 06:00,"0,20","10,4","12,6","42,5",,,
19-09-2024 05:00,"0,14","8,3","9,1","42,0",,,
19-09-2024 04:00,"0,14","6,6","6,7","47,2",,,
19-09-2024 03:00,"0,14","4,9","5,1","52,1",,,
19-09-2024 02:00,"0,14","6,2","5,8","51,7",,,
19-09-2024 01:00,"0,14","6,3","6,6","53,1",,,
19-09-2024 00:00,"0,16","11,5","11,7","47,8",,,
18-09-2024 23:00,"0,16","6,3","6,4","58,9",,,
18-09-2024 22:00,"0,27","6,2","6,6","55,7",,,
18-09-2024 21:00,"0,25","18,8","19,1","30,4",,,
18-09-2024 20:00,"0,22","16,8","16,7","38,2",,,
18-09-2024 19:00,"0,22","9,2","9,6","53,2",,,
18-09-2024 18:00,"0,20","9,2","10,0","55,3",,,
18-09-2024 17:00,"0,18","30,9","44,5","22,9",,,
18-09-2024 16:00,"0,23","8,9","10,7","54,2",,,
18-09-2024 15:00,"0,18","9,2","13,1","54,4",,,
18-09-2024 14:00,"0,20","10,3","16,1","50,8",,,
18-09-2024 13:00,"0,20","8,1","10,7","49,3",,,
18-09-2024 12:00,"0,20","9,9","13,9","41,1",,,
18-09-2024 11:00,"0,21","9,8","14,1","38,2",,,
18-09-2024 10:00,"0,21","15,9","37,1","16,4",,,
18-09-2024 09:00,"0,22","14,0","31,0","19,6",,,
18-09-2024 08:00,"0,21","20,3","37,9","16,6",,,
18-09-2024 07:00,"0,20","25,5","47,1","11,9",,,
18-09-2024 06:00,"0,20","15,4","18,9","30,9",,,
18-09-2024 05:00,"0,21","12,2","13,2","33,2",,,
18-09-2024 04:00,"0,27","7,3","7,3","43,8",,,
18-09-2024 03:00,"0,26","5,6","5,4","47,2",,,
18-09-2024 02:00,"0,27","8,4","8,7","42,1",,,
18-09-2024 01:00,"0,28","8,9","8,5","26,5",,,
18-09-2024 00:00,"0,26","9,0","9,1","32,9",,,
17-09-2024 23:00,"0,24","7,5","6,9","44,1",,,
17-09-2024 22:00,"0,27","8,5","8,7","42,9",,,
17-09-2024 21:00,"0,21","7,1","7,2","46,1",,,
17-09-2024 20:00,"0,21","9,0","8,8","41,0",,,
17-09-2024 19:00,"0,22","7,5","6,9","44,3",,,
17-09-2024 18:00,"0,22","7,1","6,7","49,1",,,
17-09-2024 17:00,"0,22","5,7","5,5","56,5",,,
17-09-2024 16:00,"0,21","5,6","6,0","65,7",,,
17-09-2024 15:00,"0,21","4,9","5,6","70,1",,,
17-09-2024 14:00,"0,20","4,4","6,1","68,1",,,
17-09-2024 13:00,"0,19","3,9","5,4","67,9",,,
17-09-2024 12:00,"0,20","3,6","4,6","66,1",,,
17-09-2024 11:00,"0,20","4,1","5,3","65,0",,,
17-09-2024 10:00,"0,19","3,6","4,1","68,0",,,
17-09-2024 09:00,"0,19","9,3","15,2","48,6",,,
17-09-2024 08:00,"0,21","9,9","14,5","37,2",,,
17-09-2024 07:00,"0,24","14,5","22,8","24,4",,,
17-09-2024 06:00,"0,26","19,7","27,9","16,5",,,
17-09-2024 05:00,"0,20","11,8","12,4","26,9",,,
17-09-2024 04:00,"0,19","7,8","7,6","32,0",,,
17-09-2024 03:00,"0,20","3,5","4,1","36,7",,,
17-09-2024 02:00,"0,19","3,0","4,9","39,2",,,
17-09-2024 01:00,"0,20","6,1","7,4","40,2",,,
17-09-2024 00:00,"0,21","5,2","6,1","41,5",,,
16-09-2024 23:00,"0,21","5,5","6,7","42,6",,,
16-09-2024 22:00,"0,22","5,4","6,6","46,2",,,
16-09-2024 21:00,"0,22","5,9","6,8","50,1",,,
16-09-2024 20:00,"0,22","7,0","8,2","52,4",,,
16-09-2024 19:00,"0,20","5,5","6,3","58,4",,,
16-09-2024 18:00,"0,20","3,9","5,1","61,3",,,
16-09-2024 17:00,"0,20","3,3","3,9","62,5",,,
16-09-2024 16:00,"0,18","2,8","4,5","66,5",,,
16-09-2024 15:00,"0,18","3,7","6,5","68,4",,,
16-09-2024 14:00,"0,17","3,9","6,1","69,0",,,
16-09-2024 13:00,"0,17","2,4","4,5","72,7",,,
16-09-2024 12:00,"0,16","2,3","4,9","73,5",,,
16-09-2024 11:00,"0,16","2,0","4,3","74,1",,,
16-09-2024 10:00,"0,17","2,7","7,1","68,9",,,
,,,,,,,
